id,time,latitude,longitude,depth,mag,magType,place,status,tsunami,sig,net,nivel_risco
us6000t04s,2026-05-25T21:52:20,-22.385,-68.611,109.0,6.9,mww,"33 km ENE of Calama, Chile",reviewed,0,782,us,alto
us6000sxwq,2026-05-15T11:22:01,38.9127,142.2498,43.6,6.7,mww,"49 km ESE of Ōfunato, Japan",reviewed,0,752,us,alto
us6000sz1d,2026-05-20T17:43:01,-55.984,-122.2988,10.0,6.6,mww,southern East Pacific Rise,reviewed,0,670,us,alto
us6000sxqf,2026-05-14T17:53:13,-6.1497,130.3809,137.0,6.2,mww,"268 km WSW of Tual, Indonesia",reviewed,0,596,us,alto
aka2026jcufoy,2026-05-09T04:42:21,50.981,179.214,16.3,6.1,ml,"Rat Islands, Aleutian Islands, Alaska",reviewed,0,572,ak,alto
us6000sy84,2026-05-16T14:50:05,17.4295,-61.2938,51.2,6.0,mww,"60 km ESE of Codrington, Antigua and Barbuda",reviewed,0,615,us,alto
us7000snvr,2026-05-27T14:51:04,-50.5174,139.3678,10.0,6.0,mww,western Indian-Antarctic Ridge,reviewed,0,554,us,alto
us7000snvt,2026-05-27T15:01:11,-50.5213,139.3037,10.0,6.0,mww,western Indian-Antarctic Ridge,reviewed,0,554,us,alto
us7000spqc,2026-05-31T21:34:18,-32.8047,-71.8593,25.0,6.0,mww,"33 km NW of Valparaíso, Chile",reviewed,0,645,us,alto
us7000si2z,2026-05-04T06:09:47,11.7423,125.3411,43.0,6.0,mww,"8 km WSW of Nena, Philippines",reviewed,0,585,us,alto
hv74966427,2026-05-23T07:46:01,19.3403,-155.8425,22.6,6.0,ml,"13 km S of Honaunau-Napoopoo, Hawaii",reviewed,0,1380,hv,alto
us6000syw4,2026-05-20T02:46:24,27.392,128.7336,42.0,5.9,mww,"8 km E of Wadomari, Japan",reviewed,0,542,us,alto
us6000szdy,2026-05-22T01:05:08,1.0433,126.067,35.0,5.9,mww,"113 km ESE of Bitung, Indonesia",reviewed,0,536,us,alto
us6000sw5q,2026-05-08T07:17:42,-43.391,91.5605,10.0,5.9,mww,southeast Indian Ridge,reviewed,0,536,us,alto
us7000sicu,2026-05-05T06:44:49,-10.0638,119.3249,22.0,5.8,mww,"70 km S of Tambolaka, Indonesia",reviewed,0,518,us,alto
us7000sidq,2026-05-05T08:00:43,-36.6471,177.2131,10.0,5.8,mww,"126 km ENE of Pauanui, New Zealand",reviewed,0,533,us,alto
us6000svnr,2026-05-06T14:15:32,52.3404,176.5321,10.0,5.8,mww,"233 km ESE of Attu Station, Alaska",reviewed,0,518,us,alto
us6000swf4,2026-05-09T04:42:23,51.053,179.2934,38.8,5.8,mww,"297 km WSW of Adak, Alaska",reviewed,0,518,us,alto
us6000syt5,2026-05-19T17:57:54,-14.1767,-75.5147,58.8,5.8,mww,"19 km E of Pampa de Tate, Peru",reviewed,0,532,us,alto
us6000synm,2026-05-19T02:29:24,-18.1511,168.0931,27.0,5.7,mww,"51 km SSW of Port-Vila, Vanuatu",reviewed,0,504,us,alto
us6000sz3x,2026-05-20T23:01:01,-56.1584,-28.1034,137.0,5.7,mww,South Sandwich Islands region,reviewed,0,500,us,alto
us6000szgb,2026-05-22T10:08:19,-2.857,147.713,10.0,5.7,mww,"103 km SSE of Lorengau, Papua New Guinea",reviewed,0,500,us,alto
us6000szmu,2026-05-23T05:41:34,-47.488,99.9967,10.0,5.7,mww,southeast Indian Ridge,reviewed,0,500,us,alto
us7000shs2,2026-05-02T09:28:41,34.1145,135.5533,64.0,5.7,mww,"12 km SSW of Kōya, Japan",reviewed,0,515,us,alto
us6000sx9x,2026-05-12T21:19:36,-23.2993,-176.8758,154.0,5.7,mww,"286 km SW of Houma, Tonga",reviewed,0,500,us,alto
us6000sy8k,2026-05-16T15:17:58,-8.5885,160.8774,37.8,5.7,mww,"27 km NE of Auki, Solomon Islands",reviewed,0,502,us,alto
us6000sx5k,2026-05-12T15:39:31,-10.649,164.9925,68.2,5.6,mww,"88 km W of Lata, Solomon Islands",reviewed,0,482,us,alto
us6000szgm,2026-05-22T12:16:14,52.5074,-171.7064,14.9,5.6,mww,"173 km E of Atka, Alaska",reviewed,0,482,us,alto
us6000t04f,2026-05-25T20:39:20,1.1115,126.0911,31.1,5.6,mww,"113 km ESE of Bitung, Indonesia",reviewed,0,482,us,alto
us7000spkc,2026-05-30T21:27:25,11.9084,-59.1029,35.0,5.6,mww,"137 km SSE of Oistins, Barbados",reviewed,0,492,us,alto
us6000sw6y,2026-05-08T12:22:31,-2.9127,147.7321,10.0,5.6,mww,"109 km SSE of Lorengau, Papua New Guinea",reviewed,0,482,us,alto
us7000si51,2026-05-04T15:19:24,16.4698,-98.0183,18.0,5.5,mww,"0 km SW of San Juan Jicayán, Mexico",reviewed,0,484,us,alto
us6000svp9,2026-05-06T15:35:49,7.5271,126.7728,29.0,5.5,mww,"22 km ENE of Baculin, Philippines",reviewed,0,471,us,alto
us6000szxz,2026-05-24T16:48:41,9.2997,126.2839,34.0,5.5,mww,"10 km ENE of Cortes, Philippines",reviewed,0,471,us,alto
us6000swk0,2026-05-10T02:34:07,-37.7571,-73.231,35.0,5.5,mww,"15 km ENE of Cañete, Chile",reviewed,0,490,us,alto
us6000sy90,2026-05-16T15:58:04,-17.9035,169.0942,10.0,5.5,mww,"84 km ESE of Port-Vila, Vanuatu",reviewed,0,466,us,alto
us6000sxu9,2026-05-15T01:13:58,-2.9915,147.7607,10.0,5.4,mww,"119 km SSE of Lorengau, Papua New Guinea",reviewed,0,449,us,alto
us6000syc2,2026-05-17T08:04:17,50.7292,157.3884,44.0,5.4,mww,"89 km E of Severo-Kuril’sk, Russia",reviewed,0,449,us,alto
us6000syg1,2026-05-18T02:10:41,-43.4009,-82.4593,10.0,5.4,mww,West Chile Rise,reviewed,0,449,us,alto
us6000syx6,2026-05-20T06:00:16,38.2157,38.6061,10.0,5.4,mww,"19 km N of Sincik, Turkey",reviewed,0,450,us,alto
us6000svw1,2026-05-07T08:53:27,-27.348,-176.655,35.0,5.4,mww,Kermadec Islands region,reviewed,0,449,us,alto
us7000snpe,2026-05-26T19:12:31,-17.6654,-172.621,10.0,5.4,mb,"180 km NE of Neiafu, Tonga",reviewed,0,449,us,alto
us7000snxg,2026-05-27T19:09:53,-18.0405,-176.563,10.0,5.3,mww,"280 km WNW of Neiafu, Tonga",reviewed,0,432,us,alto
us7000sp4a,2026-05-28T16:18:09,19.6577,-109.4358,10.0,5.3,mww,Revilla Gigedo Islands region,reviewed,0,432,us,alto
us7000sp82,2026-05-29T06:55:52,42.2295,88.3187,10.0,5.3,mb,"106 km SW of Turpan, China",reviewed,0,432,us,alto
us6000sykw,2026-05-18T18:50:00,-54.2575,-1.2453,10.0,5.3,mb,Bouvet Island region,reviewed,0,432,us,alto
us6000szk5,2026-05-22T19:30:38,-10.7482,164.3652,10.0,5.3,mww,"156 km W of Lata, Solomon Islands",reviewed,0,432,us,alto
us6000szq3,2026-05-23T12:40:28,-4.5338,102.7044,68.5,5.3,mb,"82 km SW of Pagar Alam, Indonesia",reviewed,0,432,us,alto
us6000szx2,2026-05-23T19:19:06,-35.7227,-104.9819,10.0,5.3,mww,southeast of Easter Island,reviewed,0,432,us,alto
us6000szt5,2026-05-23T21:49:16,51.7344,-170.3491,7.2,5.3,mww,"168 km SW of Nikolski, Alaska",reviewed,0,432,us,alto
us6000t05n,2026-05-26T02:08:03,-28.3135,-176.5972,10.0,5.3,mb,Kermadec Islands region,reviewed,0,432,us,alto
us6000swhy,2026-05-09T20:39:49,-26.868,-176.6645,10.0,5.3,mb,south of the Fiji Islands,reviewed,0,432,us,alto
us6000swr6,2026-05-10T16:34:33,-5.285,145.648,93.3,5.3,mww,"16 km WSW of Madang, Papua New Guinea",reviewed,0,434,us,moderado
us6000swr8,2026-05-10T16:41:43,-16.8739,-173.3414,10.0,5.3,mb,"112 km SSE of Hihifo, Tonga",reviewed,0,432,us,alto
us6000sxk1,2026-05-13T22:01:06,19.0959,121.2247,35.0,5.3,mww,"54 km N of Namuac, Philippines",reviewed,0,433,us,alto
us6000sxn9,2026-05-14T12:48:22,4.0895,-76.7348,117.1,5.3,mww,"32 km WNW of Darien, Colombia",reviewed,0,440,us,moderado
us6000sy7l,2026-05-16T12:59:30,-17.8693,169.1748,10.0,5.3,mww,"92 km E of Port-Vila, Vanuatu",reviewed,0,432,us,alto
us6000swk8,2026-05-10T02:42:24,-7.0199,131.9032,10.0,5.2,mb,"180 km SSW of Tual, Indonesia",reviewed,0,416,us,alto
us6000swvm,2026-05-11T09:48:51,-9.2967,159.1915,10.0,5.2,mww,"72 km NW of Malango, Solomon Islands",reviewed,0,417,us,alto
us6000sxnw,2026-05-14T15:34:04,25.1294,141.4667,139.5,5.2,mww,"Volcano Islands, Japan region",reviewed,0,416,us,moderado
us6000sy7u,2026-05-16T14:07:54,-17.7886,169.1976,10.0,5.2,mww,"93 km E of Port-Vila, Vanuatu",reviewed,0,416,us,alto
us6000syg0,2026-05-18T02:05:24,16.4431,96.3164,10.0,5.2,mww,"36 km SSE of Syriam, Burma (Myanmar)",reviewed,0,446,us,alto
us6000syh2,2026-05-18T07:34:30,-28.5299,74.2599,10.0,5.2,mb,Mid-Indian Ridge,reviewed,0,416,us,alto
us6000syy1,2026-05-20T10:28:49,-8.2248,119.2187,10.0,5.2,mb,"45 km NE of Sape, Indonesia",reviewed,0,416,us,alto
us7000snz9,2026-05-28T00:25:21,51.7852,-175.9331,58.3,5.2,mb,"49 km ESE of Adak, Alaska",reviewed,0,416,us,alto
us7000spd9,2026-05-29T16:05:58,50.0568,159.5123,10.0,5.2,mb,"250 km ESE of Severo-Kuril’sk, Russia",reviewed,0,416,us,alto
us7000spfj,2026-05-29T21:21:44,0.9071,-29.1814,10.0,5.2,mww,central Mid-Atlantic Ridge,reviewed,0,416,us,alto
us7000shsh,2026-05-02T10:27:06,-6.0254,130.8107,122.1,5.2,mb,"219 km WSW of Tual, Indonesia",reviewed,0,416,us,moderado
us7000si9t,2026-05-04T23:54:07,39.9553,143.0788,40.1,5.2,mww,"103 km ENE of Miyako, Japan",reviewed,0,416,us,alto
us6000svm3,2026-05-06T09:43:13,-5.7231,154.4237,103.6,5.2,mww,"134 km WNW of Panguna, Papua New Guinea",reviewed,0,416,us,moderado
us7000shnl,2026-05-02T02:06:37,-24.4445,178.839,546.2,5.1,mb,south of the Fiji Islands,reviewed,0,400,us,moderado
us7000shut,2026-05-02T21:19:12,-37.4519,178.2764,35.0,5.1,mww,"16 km N of Hicks Bay, New Zealand",reviewed,0,402,us,alto
us7000shy4,2026-05-03T10:00:34,42.1818,88.1975,10.0,5.1,mb,"117 km SW of Turpan, China",reviewed,0,400,us,alto
us6000svbv,2026-05-05T15:09:37,-35.2228,78.6045,10.0,5.1,mww,Mid-Indian Ridge,reviewed,0,400,us,alto
us6000svc4,2026-05-05T15:58:27,-3.5485,-80.6374,51.1,5.1,mwr,"15 km NNE of Zorritos, Peru",reviewed,0,402,us,alto
us6000svmz,2026-05-06T11:46:48,-32.2013,-177.9213,10.0,5.1,mww,south of the Kermadec Islands,reviewed,0,400,us,alto
us6000svu7,2026-05-07T01:23:02,-5.8139,154.3801,120.3,5.1,mww,"134 km WNW of Panguna, Papua New Guinea",reviewed,0,400,us,moderado
us6000svwn,2026-05-07T11:48:41,-17.9613,-178.0277,586.7,5.1,mb,"281 km E of Levuka, Fiji",reviewed,0,400,us,moderado
us6000syik,2026-05-18T13:44:26,24.4943,109.2738,10.0,5.1,mww,"23 km NW of Liuzhou, China",reviewed,0,1006,us,alto
us6000syxz,2026-05-20T09:40:32,-17.312,175.9863,10.0,5.1,mb,"159 km WNW of Lautoka, Fiji",reviewed,0,400,us,alto
us6000sze1,2026-05-22T01:06:52,16.5273,-46.6299,10.0,5.1,mww,northern Mid-Atlantic Ridge,reviewed,0,400,us,alto
us6000szxh,2026-05-24T13:19:05,9.1379,126.5217,53.2,5.1,mb,"33 km ENE of La Paz, Philippines",reviewed,0,401,us,alto
us6000swh0,2026-05-09T14:22:52,-58.024,-25.6886,97.4,5.1,mb,South Sandwich Islands region,reviewed,0,400,us,moderado
us6000swtd,2026-05-10T23:15:43,-23.3823,179.9389,562.3,5.1,mb,south of the Fiji Islands,reviewed,0,400,us,moderado
us6000sx3h,2026-05-12T06:53:32,23.2629,121.4893,26.3,5.1,mww,"79 km S of Hualien City, Taiwan",reviewed,0,402,us,alto
us6000sxaj,2026-05-12T21:53:43,-21.5221,-174.3272,10.0,5.1,mb,"68 km ESE of ‘Ohonua, Tonga",reviewed,0,400,us,alto
us6000sxc0,2026-05-13T03:08:35,30.3404,138.3561,484.8,5.1,mww,"Izu Islands, Japan region",reviewed,0,400,us,moderado
us6000sxdf,2026-05-13T08:12:59,-55.3924,-28.2611,31.9,5.1,mb,South Sandwich Islands region,reviewed,0,400,us,alto
us6000sxmm,2026-05-14T09:55:47,-58.3477,-25.63,52.4,5.1,mb,South Sandwich Islands region,reviewed,0,400,us,alto
us7000sntl,2026-05-26T16:22:50,-58.6442,-152.5127,10.0,5.1,mb,Pacific-Antarctic Ridge,reviewed,0,400,us,alto
us7000snpd,2026-05-26T18:56:36,13.0008,57.6465,10.0,5.1,mb,Owen Fracture Zone region,reviewed,0,400,us,alto
us7000snt8,2026-05-27T05:23:30,-22.282,-68.7512,102.5,5.1,mww,"26 km NE of Calama, Chile",reviewed,0,400,us,moderado
us7000sntr,2026-05-27T06:24:16,0.4707,125.8106,19.1,5.1,mb,"131 km SE of Bitung, Indonesia",reviewed,0,400,us,alto
us7000snzn,2026-05-28T01:46:18,-10.451,124.473,10.0,5.1,mb,"68 km SSE of Soe, Indonesia",reviewed,0,400,us,alto
us7000sp7p,2026-05-29T05:32:39,-18.4158,-71.4602,10.0,5.1,mb,"86 km S of Pacocha, Peru",reviewed,0,400,us,alto
us7000snpf,2026-05-26T19:25:11,-17.2705,-174.2097,118.3,5.0,mb,"152 km SSW of Hihifo, Tonga",reviewed,0,385,us,moderado
us7000spgb,2026-05-30T00:38:14,-59.1715,-26.3858,95.7,5.0,mb,South Sandwich Islands region,reviewed,0,385,us,moderado
us7000spie,2026-05-30T11:06:52,13.8975,51.7816,10.0,5.0,mww,"195 km NNW of Kilmia, Yemen",reviewed,0,385,us,alto
us7000spkp,2026-05-30T22:45:51,-7.2968,147.4544,68.9,5.0,mb,"81 km SE of Lae, Papua New Guinea",reviewed,0,385,us,alto
us7000splm,2026-05-31T02:48:01,-17.3616,167.751,35.0,5.0,mb,"72 km NW of Port-Vila, Vanuatu",reviewed,0,385,us,alto
us7000splv,2026-05-31T03:57:05,-24.0984,-179.7084,486.2,5.0,mb,south of the Fiji Islands,reviewed,0,385,us,moderado
us7000sppt,2026-05-31T19:15:39,-30.5996,-179.0432,98.5,5.0,mb,Kermadec Islands region,reviewed,0,385,us,moderado
us6000syby,2026-05-17T07:51:56,-2.9481,147.7111,10.0,5.0,mb,"112 km SSE of Lorengau, Papua New Guinea",reviewed,0,385,us,alto
us6000sye4,2026-05-17T16:21:06,24.4472,109.2486,10.0,5.0,mww,"21 km NW of Liuzhou, China",reviewed,0,391,us,alto
us6000syfk,2026-05-17T22:58:34,-6.4262,147.5801,77.2,5.0,mb,"32 km WNW of Finschhafen, Papua New Guinea",reviewed,0,385,us,moderado
us6000syx0,2026-05-20T02:46:19,-41.3229,-89.5644,10.0,5.0,mww,southeast of Easter Island,reviewed,0,385,us,alto
us6000sz1t,2026-05-20T18:36:39,-54.7454,-118.6623,10.0,5.0,mb,southern East Pacific Rise,reviewed,0,385,us,alto
us6000szjs,2026-05-22T17:16:27,33.5016,90.2756,10.0,5.0,mb,"280 km NW of Nagqu, China",reviewed,0,385,us,alto
us6000szzw,2026-05-25T02:32:38,8.0315,126.9336,35.0,5.0,mb,"54 km E of Santa Maria, Philippines",reviewed,0,385,us,alto
us6000t015,2026-05-25T09:25:39,-53.4118,25.0096,10.0,5.0,mb,south of Africa,reviewed,0,385,us,alto
us6000t028,2026-05-25T15:00:30,-4.7914,153.1957,55.9,5.0,mb,"114 km ESE of Kokopo, Papua New Guinea",reviewed,0,385,us,alto
us6000t02k,2026-05-25T16:12:47,-57.976,-25.484,35.0,5.0,mb,South Sandwich Islands region,reviewed,0,385,us,alto
us7000shsi,2026-05-02T10:31:42,-58.7532,-25.2796,10.0,5.0,mb,South Sandwich Islands region,reviewed,0,385,us,alto
us7000siat,2026-05-05T02:38:50,-6.3609,130.1036,160.9,5.0,mww,Banda Sea,reviewed,0,385,us,moderado
us6000svi6,2026-05-06T04:06:07,29.8059,70.0624,10.0,5.0,mb,"40 km NW of Dajal, Pakistan",reviewed,0,385,us,alto
us6000swg6,2026-05-09T09:12:13,-2.8697,147.7405,10.0,5.0,mb,"106 km SSE of Lorengau, Papua New Guinea",reviewed,0,385,us,alto
us6000sws5,2026-05-10T19:36:36,20.5004,94.0661,54.2,5.0,mb,"84 km W of Yenangyaung, Burma (Myanmar)",reviewed,0,385,us,alto
us6000swte,2026-05-10T23:20:54,-23.4663,-179.8301,534.6,5.0,mb,south of the Fiji Islands,reviewed,0,385,us,moderado
us6000swtz,2026-05-11T01:41:17,27.3848,129.5696,10.0,5.0,mb,"70 km ESE of Isen, Japan",reviewed,0,385,us,alto
us6000sx2s,2026-05-12T03:45:42,-10.2288,161.21,60.8,5.0,mb,"81 km WNW of Kirakira, Solomon Islands",reviewed,0,385,us,alto
us6000sx3v,2026-05-12T08:53:56,4.8333,127.5121,108.6,5.0,mb,"224 km SE of Pondaguitan, Philippines",reviewed,0,385,us,moderado
us6000sxd4,2026-05-13T06:36:37,-55.3734,-28.3706,10.0,5.0,mb,South Sandwich Islands region,reviewed,0,385,us,alto
us6000sy5x,2026-05-16T06:48:55,-31.9282,-178.203,10.0,5.0,mb,Kermadec Islands region,reviewed,0,385,us,alto
us6000sy76,2026-05-16T11:25:44,6.8189,124.695,10.0,5.0,mww,"4 km SW of Badak, Philippines",reviewed,0,390,us,alto
us6000swcg,2026-05-08T21:18:55,-2.8026,147.7837,10.0,4.9,mb,"102 km SE of Lorengau, Papua New Guinea",reviewed,0,369,us,moderado
us6000swi4,2026-05-09T21:52:46,-38.7898,175.1351,227.2,4.9,mb,"62 km WNW of Turangi, New Zealand",reviewed,0,370,us,moderado
us6000swv6,2026-05-10T20:16:45,-8.9108,157.9947,10.0,4.9,mb,"155 km SE of Gizo, Solomon Islands",reviewed,0,369,us,moderado
us6000swtm,2026-05-11T00:21:40,39.7894,143.5843,10.0,4.9,mww,"141 km E of Miyako, Japan",reviewed,0,369,us,moderado
us6000sx36,2026-05-12T05:18:57,7.0489,92.4295,10.0,4.9,mb,"Nicobar Islands, India region",reviewed,0,369,us,moderado
us6000sxbv,2026-05-13T02:24:36,41.6233,145.8788,10.0,4.9,mb,"178 km SSE of Akkeshi, Japan",reviewed,0,369,us,moderado
us6000sxh5,2026-05-13T16:22:30,9.6929,-84.5147,10.0,4.9,mb,"15 km NE of Jacó, Costa Rica",reviewed,0,383,us,moderado
us6000szay,2026-05-15T14:27:31,-0.2431,-18.7444,10.0,4.9,mb,central Mid-Atlantic Ridge,reviewed,0,369,us,moderado
us6000sxz1,2026-05-15T15:45:18,-17.685,-70.0413,133.0,4.9,mb,"13 km NW of Palca, Peru",reviewed,0,369,us,moderado
us6000sy8u,2026-05-16T15:35:20,-17.8828,168.8619,10.0,4.9,mb,"60 km ESE of Port-Vila, Vanuatu",reviewed,0,369,us,moderado
us6000sym0,2026-05-18T21:37:20,52.488,-171.7577,10.0,4.9,mww,"169 km E of Atka, Alaska",reviewed,0,369,us,moderado
us6000syu7,2026-05-19T20:40:43,40.3268,63.0939,10.0,4.9,mww,"37 km NW of Gazli, Uzbekistan",reviewed,0,371,us,moderado
us6000syy7,2026-05-20T12:25:35,23.2439,121.4465,24.6,4.9,mb,"82 km S of Hualien City, Taiwan",reviewed,0,369,us,moderado
us6000sz43,2026-05-20T23:12:56,-6.1047,130.4649,121.9,4.9,mb,"258 km WSW of Tual, Indonesia",reviewed,0,369,us,moderado
us6000sz6i,2026-05-21T09:56:26,27.2034,55.6594,10.0,4.9,mb,"61 km W of Bandar Abbas, Iran",reviewed,0,369,us,moderado
us6000szp8,2026-05-23T09:03:06,52.1389,-169.2425,10.0,4.9,mb,"92 km SSW of Nikolski, Alaska",reviewed,0,369,us,moderado
us6000szr9,2026-05-23T15:07:59,-20.045,169.5855,117.3,4.9,mb,"64 km SSE of Isangel, Vanuatu",reviewed,0,369,us,moderado
us6000szu1,2026-05-23T23:54:28,-14.9082,-172.9897,10.0,4.9,mb,"141 km SSW of Gataivai, Samoa",reviewed,0,369,us,moderado
us6000szud,2026-05-24T01:26:53,37.7964,36.1699,10.0,4.9,mww,"22 km SSE of Saimbeyli, Turkey",reviewed,0,370,us,moderado
us6000szxs,2026-05-24T15:33:13,1.0225,126.0429,49.2,4.9,mb,"111 km ESE of Bitung, Indonesia",reviewed,0,369,us,moderado
us6000t00w,2026-05-25T07:57:06,-10.5608,124.4792,10.0,4.9,mb,"80 km SSE of Soe, Indonesia",reviewed,0,369,us,moderado
us6000t019,2026-05-25T10:23:56,-7.3309,128.6487,139.2,4.9,mb,"224 km NE of Lospalos, Timor Leste",reviewed,0,369,us,moderado
us6000t04u,2026-05-25T22:03:41,-3.9922,134.0298,10.0,4.9,mb,"177 km WSW of Nabire, Indonesia",reviewed,0,369,us,moderado
us6000t06t,2026-05-26T08:39:11,-8.8676,113.772,35.0,4.9,mb,"66 km SW of Gambiran Satu, Indonesia",reviewed,0,375,us,moderado
us7000snps,2026-05-26T20:35:10,-17.5166,-178.7628,535.8,4.9,mb,"212 km ENE of Levuka, Fiji",reviewed,0,369,us,moderado
us7000sp29,2026-05-28T12:35:40,-6.5891,132.0189,10.0,4.9,mb,"133 km SW of Tual, Indonesia",reviewed,0,369,us,moderado
us7000spb8,2026-05-29T14:34:43,-3.5004,122.3461,10.0,4.9,mb,"56 km NNW of Kendari, Indonesia",reviewed,0,369,us,moderado
us7000spkb,2026-05-30T21:15:59,38.3564,73.8219,131.8,4.9,mb,"24 km NNW of Murghob, Tajikistan",reviewed,0,369,us,moderado
us7000spl8,2026-05-31T00:54:00,62.1963,-26.4033,10.0,4.9,mww,"271 km SW of Grindavík, Iceland",reviewed,0,369,us,moderado
us7000spqg,2026-05-31T21:46:54,-32.7215,-71.8986,10.0,4.9,mb,"43 km NW of Valparaíso, Chile",reviewed,0,374,us,moderado
us7000shza,2026-05-03T16:18:54,24.8291,123.2581,140.6,4.9,mb,"47 km NNE of Yonakuni, Japan",reviewed,0,369,us,moderado
us7000sidy,2026-05-05T08:43:45,-36.639,177.3361,10.0,4.9,mww,"136 km NW of Hicks Bay, New Zealand",reviewed,0,370,us,moderado
us6000sxhs,2026-05-05T18:32:45,-59.5711,-26.1859,87.7,4.9,mb,South Sandwich Islands region,reviewed,0,369,us,moderado
us6000svfc,2026-05-05T20:53:20,34.1718,45.6809,10.0,4.9,mww,"36 km SSW of Sarpol-e Z̄ahāb, Iran",reviewed,0,370,us,moderado
us6000svfd,2026-05-05T21:01:45,-55.8755,-27.4821,62.5,4.9,mb,South Sandwich Islands region,reviewed,0,369,us,moderado
us6000svrl,2026-05-06T19:19:18,-59.5302,-24.1253,10.0,4.9,mb,South Sandwich Islands region,reviewed,0,369,us,moderado
us6000sw71,2026-05-08T12:38:37,-2.9327,147.7874,10.0,4.9,mb,"114 km SSE of Lorengau, Papua New Guinea",reviewed,0,369,us,moderado
us7000shsr,2026-05-02T11:30:50,-18.361,-175.4986,252.8,4.8,mb,"163 km WNW of Neiafu, Tonga",reviewed,0,355,us,moderado
us7000shxd,2026-05-03T06:57:42,1.4364,126.2841,35.0,4.8,mb,"128 km E of Bitung, Indonesia",reviewed,0,354,us,moderado
us7000si54,2026-05-04T15:03:00,29.5089,102.1086,10.0,4.8,mb,"56 km SSE of Kangding, China",reviewed,0,354,us,moderado
us7000si6f,2026-05-04T16:47:47,30.6178,60.1214,10.0,4.8,mb,"80 km N of Noşratābād, Iran",reviewed,0,354,us,moderado
us7000si98,2026-05-04T21:42:01,39.8746,143.3624,19.5,4.8,mb,"124 km ENE of Miyako, Japan",reviewed,0,354,us,moderado
us6000svhx,2026-05-06T03:03:48,29.2443,142.5269,10.0,4.8,mb,"Izu Islands, Japan region",reviewed,0,354,us,moderado
us6000svnc,2026-05-06T12:55:50,-17.798,167.1069,10.0,4.8,mb,"128 km W of Port-Vila, Vanuatu",reviewed,0,354,us,moderado
us6000sw3f,2026-05-08T01:29:17,-23.7788,-66.5836,197.5,4.8,mww,"55 km NNW of San Antonio de los Cobres, Argentina",reviewed,0,354,us,moderado
us6000sw44,2026-05-08T03:39:30,6.5836,-82.2847,10.0,4.8,mww,"163 km SW of Río Grande, Panama",reviewed,0,354,us,moderado
us6000swai,2026-05-08T17:14:40,-14.9705,-75.699,21.1,4.8,mb,"61 km WSW of Changuillo, Peru",reviewed,0,355,us,moderado
us6000syak,2026-05-17T00:07:28,39.9154,142.9166,35.0,4.8,mww,"88 km ENE of Miyako, Japan",reviewed,0,354,us,moderado
us6000syex,2026-05-17T20:52:01,-6.3057,151.6745,10.0,4.8,mb,"189 km ESE of Kimbe, Papua New Guinea",reviewed,0,354,us,moderado
us6000synu,2026-05-19T02:53:53,-10.2484,161.1887,81.6,4.8,mb,"83 km WNW of Kirakira, Solomon Islands",reviewed,0,354,us,moderado
aka2026jvukrx,2026-05-19T11:41:24,64.743,-156.039,13.5,4.8,ml,"26 km W of Ruby, Alaska",reviewed,0,359,ak,moderado
us6000syqi,2026-05-19T11:50:29,33.9648,47.7538,10.0,4.8,mb,"23 km WSW of Nūrābād, Iran",reviewed,0,354,us,moderado
us6000syr2,2026-05-19T14:18:39,-17.8472,168.2588,62.1,4.8,mww,"13 km SSW of Port-Vila, Vanuatu",reviewed,0,357,us,moderado
us6000szfp,2026-05-22T08:04:22,-61.5564,153.8726,10.0,4.8,mb,Balleny Islands region,reviewed,0,354,us,moderado
us6000szk6,2026-05-22T19:32:14,-6.6762,147.4047,70.1,4.8,mb,"45 km E of Lae, Papua New Guinea",reviewed,0,354,us,moderado
us6000szqs,2026-05-23T14:11:16,1.5788,127.3672,143.0,4.8,mb,"73 km WSW of Tobelo, Indonesia",reviewed,0,354,us,moderado
us6000t009,2026-05-25T05:18:12,51.9783,-170.9114,36.3,4.8,mb,"175 km SW of Nikolski, Alaska",reviewed,0,354,us,moderado
us6000t00y,2026-05-25T08:14:48,40.2438,142.3871,49.2,4.8,mb,"50 km ENE of Noda, Japan",reviewed,0,354,us,moderado
nc75357576,2026-05-09T04:58:02,41.5027,-125.218,26.1,4.8,mw,"89 km WSW of Crescent City, CA",reviewed,0,363,nc,moderado
us6000swj8,2026-05-09T23:11:13,-17.6072,-173.4572,35.0,4.8,mb,"128 km NNE of Neiafu, Tonga",reviewed,0,354,us,moderado
us6000sx3a,2026-05-11T20:04:59,-15.4991,-177.5257,10.0,4.8,mb,"145 km SSE of Alo, Wallis and Futuna",reviewed,0,354,us,moderado
us6000sx06,2026-05-11T20:18:48,13.179,145.994,10.0,4.8,mb,"126 km ESE of Yigo Village, Guam",reviewed,0,354,us,moderado
us6000sx5d,2026-05-12T14:55:15,28.4795,104.8209,10.0,4.8,mb,"10 km ENE of Xunchang, China",reviewed,0,354,us,moderado
us6000sxi7,2026-05-13T16:58:44,9.8989,56.991,10.0,4.8,mb,Carlsberg Ridge,reviewed,0,354,us,moderado
us6000sxtg,2026-05-14T22:14:05,-55.4381,-26.8968,10.0,4.8,mb,South Sandwich Islands region,reviewed,0,354,us,moderado
us6000sza0,2026-05-14T23:08:32,-5.7303,-11.3715,10.0,4.8,mb,Ascension Island region,reviewed,0,354,us,moderado
us6000sxx0,2026-05-15T11:20:54,27.9065,142.15,36.0,4.8,mb,"Bonin Islands, Japan region",reviewed,0,354,us,moderado
us6000sy50,2026-05-16T01:59:43,-21.8473,-68.4323,133.2,4.8,mb,"71 km SSW of Ollagüe, Chile",reviewed,0,354,us,moderado
us7000snup,2026-05-27T09:33:34,-6.035,147.767,75.9,4.8,mb,"58 km N of Finschhafen, Papua New Guinea",reviewed,0,354,us,moderado
us7000sp42,2026-05-28T15:07:48,-56.4113,-26.5457,80.0,4.8,mb,South Sandwich Islands region,reviewed,0,354,us,moderado
us7000sp99,2026-05-29T12:25:53,-13.758,-72.4559,99.9,4.8,mb,"13 km NNE of Palpacachi, Peru",reviewed,0,354,us,moderado
us7000spg0,2026-05-29T23:17:03,-2.9833,147.7323,10.0,4.8,mb,"116 km SSE of Lorengau, Papua New Guinea",reviewed,0,354,us,moderado
us7000spid,2026-05-30T11:06:11,12.0087,-88.2604,10.0,4.8,mb,"119 km SW of Jiquilillo, Nicaragua",reviewed,0,354,us,moderado
us7000spqh,2026-05-31T21:52:11,-32.7963,-71.8152,27.6,4.8,mwr,"31 km NNW of Valparaíso, Chile",reviewed,0,357,us,moderado
us7000snrd,2026-05-27T00:41:51,-23.3064,-69.2215,94.6,4.7,mb,"98 km SSW of Calama, Chile",reviewed,0,340,us,moderado
us7000sntm,2026-05-27T06:13:09,51.2318,159.3329,10.0,4.7,mb,"199 km E of Ozernovskiy, Russia",reviewed,0,340,us,moderado
us7000snzw,2026-05-28T02:37:50,33.1393,96.1517,10.0,4.7,mb,"242 km NNW of Qamdo, China",reviewed,0,340,us,moderado
us7000sp1m,2026-05-28T09:41:10,-20.0493,168.2222,10.0,4.7,mb,"124 km WSW of Isangel, Vanuatu",reviewed,0,340,us,moderado
us7000sp4x,2026-05-28T17:57:19,12.4385,143.5219,36.1,4.7,mb,"154 km SW of Merizo Village, Guam",reviewed,0,340,us,moderado
us7000sp6y,2026-05-29T01:10:59,2.0401,96.8764,27.8,4.7,mb,"73 km SE of Sinabang, Indonesia",reviewed,0,340,us,moderado
us7000sp8u,2026-05-29T10:04:04,1.0041,126.1429,59.4,4.7,mb,"122 km ESE of Bitung, Indonesia",reviewed,0,340,us,moderado
us7000spga,2026-05-30T00:31:42,11.2287,-62.2793,134.3,4.7,mb,"72 km N of Güiria, Venezuela",reviewed,0,340,us,moderado
us7000sppi,2026-05-31T17:14:01,11.2068,-86.632,35.0,4.7,mb,"65 km SSW of Masachapa, Nicaragua",reviewed,0,340,us,moderado
us7000sppz,2026-05-31T19:46:48,26.468,143.6635,10.0,4.7,mb,"Bonin Islands, Japan region",reviewed,0,340,us,moderado
us6000sy9z,2026-05-16T21:16:16,13.0167,93.7021,96.9,4.7,mb,"180 km NE of Bamboo Flat, India",reviewed,0,340,us,moderado
us6000szi2,2026-05-16T23:13:24,-15.4386,169.6932,10.0,4.7,mb,"254 km ENE of Lakatoro, Vanuatu",reviewed,0,340,us,moderado
us6000syhg,2026-05-18T08:48:06,-20.4733,-70.1945,85.2,4.7,mb,"22 km SSW of La Tirana, Chile",reviewed,0,347,us,moderado
us6000syqy,2026-05-19T13:20:24,-6.1852,150.471,60.4,4.7,mb,"79 km SSE of Kimbe, Papua New Guinea",reviewed,0,340,us,moderado
us6000syr1,2026-05-19T14:17:32,12.6047,-88.1992,64.9,4.7,mb,"67 km SSW of Intipucá, El Salvador",reviewed,0,340,us,moderado
us6000syve,2026-05-19T23:40:10,27.2446,55.8114,10.0,4.7,mb,"46 km W of Bandar Abbas, Iran",reviewed,0,340,us,moderado
us6000syw0,2026-05-20T02:26:50,10.0039,125.8249,79.6,4.7,mb,"19 km ENE of Cagdianao, Philippines",reviewed,0,340,us,moderado
us6000szn6,2026-05-21T06:06:58,-10.0788,161.0563,10.0,4.7,mb,"103 km WNW of Kirakira, Solomon Islands",reviewed,0,340,us,moderado
us6000sz6d,2026-05-21T08:37:03,-56.0321,-27.6265,108.5,4.7,mb,South Sandwich Islands region,reviewed,0,340,us,moderado
us6000szad,2026-05-21T16:45:56,5.6419,126.7834,135.7,4.7,mb,"104 km SE of Pondaguitan, Philippines",reviewed,0,340,us,moderado
us6000szfd,2026-05-22T06:33:37,51.9382,-169.1042,10.0,4.7,mb,"112 km S of Nikolski, Alaska",reviewed,0,340,us,moderado
us6000szxi,2026-05-24T13:19:59,-22.6678,-177.1182,203.0,4.7,mb,"250 km SW of Houma, Tonga",reviewed,0,340,us,moderado
us6000t00p,2026-05-25T06:19:25,-10.4702,124.5489,10.0,4.7,mb,"73 km SSE of Soe, Indonesia",reviewed,0,340,us,moderado
us6000t047,2026-05-25T18:53:07,-17.3742,167.783,35.0,4.7,mb,"69 km NW of Port-Vila, Vanuatu",reviewed,0,340,us,moderado
us6000t04w,2026-05-25T22:03:22,-22.4721,-68.8235,114.8,4.7,mb,"10 km E of Calama, Chile",reviewed,0,340,us,moderado
us7000si2c,2026-05-04T03:37:08,3.0874,126.507,52.7,4.7,mb,"224 km NW of Tobelo, Indonesia",reviewed,0,340,us,moderado
us7000si3e,2026-05-04T06:41:06,-4.2366,152.7379,67.6,4.7,mb,"53 km ENE of Kokopo, Papua New Guinea",reviewed,0,340,us,moderado
us7000si3t,2026-05-04T08:22:01,-26.9994,-71.2877,17.4,4.7,mwr,"103 km WNW of Copiapó, Chile",reviewed,0,340,us,moderado
us6000svkh,2026-05-04T09:27:24,-23.7882,-13.3991,10.0,4.7,mb,southern Mid-Atlantic Ridge,reviewed,0,340,us,moderado
us7000siar,2026-05-05T02:38:45,53.4439,-165.5159,43.6,4.7,mwr,"78 km SSE of Akutan, Alaska",reviewed,0,340,us,moderado
us6000svke,2026-05-06T07:40:09,-36.7878,177.3073,10.0,4.7,mb,"126 km NW of Hicks Bay, New Zealand",reviewed,0,340,us,moderado
us6000svmu,2026-05-06T11:31:44,-30.1711,-72.16,10.0,4.7,mwr,"82 km WSW of Coquimbo, Chile",reviewed,0,340,us,moderado
us6000svvf,2026-05-07T06:39:17,29.2749,129.4094,10.0,4.7,mb,"93 km NNW of Tatsugō, Japan",reviewed,0,340,us,moderado
us6000svvr,2026-05-07T08:13:51,14.1976,-93.0468,10.0,4.7,mb,"88 km SW of Puerto Madero, Mexico",reviewed,0,340,us,moderado
us6000svzd,2026-05-07T16:54:03,7.4632,-34.6257,10.0,4.7,mb,central Mid-Atlantic Ridge,reviewed,0,340,us,moderado
us6000sw2r,2026-05-07T23:31:15,37.5815,141.427,55.9,4.7,mww,"39 km ENE of Namie, Japan",reviewed,0,340,us,moderado
us6000sw6q,2026-05-08T11:38:55,46.8498,92.8801,10.0,4.7,mb,"158 km SE of Khovd, Mongolia",reviewed,0,340,us,moderado
us6000sw6v,2026-05-08T12:06:02,-2.8549,147.8959,10.0,4.7,mb,"114 km SE of Lorengau, Papua New Guinea",reviewed,0,340,us,moderado
us6000swbu,2026-05-08T20:03:25,51.0534,179.4162,37.0,4.7,mb,"289 km WSW of Adak, Alaska",reviewed,0,340,us,moderado
us6000swq8,2026-05-10T12:24:34,1.2342,120.5431,35.0,4.7,mb,"248 km NNE of Palu, Indonesia",reviewed,0,340,us,moderado
us6000sx7r,2026-05-12T18:10:22,2.9083,127.8786,71.7,4.7,mb,"131 km N of Tobelo, Indonesia",reviewed,0,340,us,moderado
us6000sxef,2026-05-13T10:43:29,23.9567,121.6574,18.2,4.7,mwr,"5 km ESE of Hualien City, Taiwan",reviewed,0,340,us,moderado
us6000sxka,2026-05-14T00:14:01,5.0578,36.842,10.0,4.7,mb,"41 km ENE of Turmi, Ethiopia",reviewed,0,340,us,moderado
us6000sxkm,2026-05-14T02:46:38,-24.2997,-66.9979,182.7,4.7,mb,"69 km W of San Antonio de los Cobres, Argentina",reviewed,0,340,us,moderado
us6000sxky,2026-05-14T02:59:47,0.5784,126.2296,35.0,4.7,mb,"130 km W of Ternate, Indonesia",reviewed,0,340,us,moderado
us6000sxm9,2026-05-14T07:47:44,30.1632,56.5035,10.0,4.7,mb,"27 km NNW of Bardsīr, Iran",reviewed,0,340,us,moderado
us6000sy3u,2026-05-15T21:15:26,-17.9118,-178.6662,572.5,4.7,mb,"214 km E of Levuka, Fiji",reviewed,0,340,us,moderado
us6000sycw,2026-05-16T08:54:02,-53.432,25.1395,10.0,4.7,mb,south of Africa,reviewed,0,340,us,moderado
us6000sy6x,2026-05-16T10:59:47,-22.8968,-66.2495,242.8,4.7,mb,"59 km WSW of Abra Pampa, Argentina",reviewed,0,340,us,moderado
us6000sy8y,2026-05-16T15:47:21,-18.31,-175.3186,210.8,4.7,mb,"145 km WNW of Neiafu, Tonga",reviewed,0,340,us,moderado
ci41461608,2026-05-10T07:10:21,32.9713,-115.5623,14.5,4.7,mw,"3 km WSW of Brawley, CA",reviewed,0,600,ci,moderado
us6000sy13,2026-05-08T21:16:19,-22.9178,179.2297,576.5,4.6,mb,south of the Fiji Islands,reviewed,0,326,us,moderado
us6000swe0,2026-05-09T00:10:26,-2.1824,139.0923,10.0,4.6,mb,"177 km WNW of Abepura, Indonesia",reviewed,0,326,us,moderado
us6000swhc,2026-05-09T16:18:50,24.5333,123.7715,26.7,4.6,mww,"44 km WNW of Ishigaki, Japan",reviewed,0,326,us,moderado
us6000swjc,2026-05-10T01:50:14,5.6797,126.3366,103.7,4.6,mb,"77 km SSE of Pondaguitan, Philippines",reviewed,0,326,us,moderado
us6000swq9,2026-05-10T12:21:22,38.5344,-27.5038,10.0,4.6,mb,"22 km SW of Santa Bárbara, Portugal",reviewed,0,326,us,moderado
us6000swsg,2026-05-10T20:29:54,36.674,26.6993,160.1,4.6,mb,"24 km WSW of Kéfalos, Greece",reviewed,0,326,us,moderado
us6000swuu,2026-05-11T05:35:52,-23.046,-68.633,112.3,4.6,mb,"46 km WSW of San Pedro de Atacama, Chile",reviewed,0,326,us,moderado
us6000sz00,2026-05-11T22:08:39,12.3029,144.4392,10.0,4.6,mb,"109 km SSW of Merizo Village, Guam",reviewed,0,326,us,moderado
us6000sx3g,2026-05-12T06:23:03,52.3443,160.1716,10.0,4.6,mb,"131 km SE of Petropavlovsk-Kamchatsky, Russia",reviewed,0,326,us,moderado
us6000sxcv,2026-05-13T01:31:22,-20.2029,67.6558,10.0,4.6,mb,Mid-Indian Ridge,reviewed,0,326,us,moderado
us6000sxwc,2026-05-13T05:22:28,-2.8372,147.7243,10.0,4.6,mb,"102 km SSE of Lorengau, Papua New Guinea",reviewed,0,326,us,moderado
us6000sxcz,2026-05-13T05:39:54,51.4073,158.4693,56.5,4.6,mb,"137 km E of Ozernovskiy, Russia",reviewed,0,326,us,moderado
us6000sxd9,2026-05-13T07:29:39,-30.153,-179.4729,348.1,4.6,mb,Kermadec Islands region,reviewed,0,326,us,moderado
us6000sxk3,2026-05-13T22:10:16,18.9922,121.2286,35.0,4.6,mb,"42 km N of Namuac, Philippines",reviewed,0,326,us,moderado
us6000sy5n,2026-05-15T18:28:03,-17.9669,169.2681,10.0,4.6,mb,"104 km ESE of Port-Vila, Vanuatu",reviewed,0,326,us,moderado
us6000sy4v,2026-05-16T01:22:16,-32.555,-178.5946,35.0,4.6,mb,south of the Kermadec Islands,reviewed,0,326,us,moderado
us6000sy5s,2026-05-16T06:29:07,-15.5201,-175.0816,287.7,4.6,mb,"145 km WNW of Hihifo, Tonga",reviewed,0,326,us,moderado
us6000syh3,2026-05-16T15:59:41,2.202,-101.0566,10.0,4.6,mb,Galapagos Triple Junction region,reviewed,0,326,us,moderado
us6000szhy,2026-05-16T21:18:02,-17.8762,169.2322,10.0,4.6,mb,"98 km E of Port-Vila, Vanuatu",reviewed,0,326,us,moderado
us6000syd2,2026-05-17T09:38:20,11.0493,95.1108,10.0,4.6,mb,"266 km ESE of Port Blair, India",reviewed,0,326,us,moderado
us6000syfn,2026-05-17T23:21:20,24.4759,123.8664,10.0,4.6,mb,"32 km WNW of Ishigaki, Japan",reviewed,0,326,us,moderado
us6000syk9,2026-05-18T17:04:28,39.7924,143.4021,17.1,4.6,mb,"126 km E of Miyako, Japan",reviewed,0,326,us,moderado
us6000syp2,2026-05-19T03:17:03,-17.7595,-178.7166,564.7,4.6,mb,"211 km E of Levuka, Fiji",reviewed,0,326,us,moderado
us6000sypz,2026-05-19T09:58:03,-22.0278,-179.4962,589.8,4.6,mb,south of the Fiji Islands,reviewed,0,326,us,moderado
us6000syw5,2026-05-20T02:03:24,2.3041,96.2647,10.0,4.6,mb,"23 km SSW of Sinabang, Indonesia",reviewed,0,326,us,moderado
us6000syyd,2026-05-20T12:48:57,1.2853,126.3051,53.9,4.6,mb,"131 km WNW of Ternate, Indonesia",reviewed,0,326,us,moderado
us7000snne,2026-05-20T21:33:46,-57.0566,-25.0426,10.0,4.6,mb,South Sandwich Islands region,reviewed,0,326,us,moderado
us7000sp2l,2026-05-21T00:16:59,-27.7705,-176.3211,10.0,4.6,mb,Kermadec Islands region,reviewed,0,326,us,moderado
us6000szn4,2026-05-21T04:11:58,-33.3927,-109.1318,10.0,4.6,mb,southern East Pacific Rise,reviewed,0,326,us,moderado
us6000szjp,2026-05-22T16:53:58,40.2879,142.2534,62.0,4.6,mb,"42 km ENE of Noda, Japan",reviewed,0,326,us,moderado
us6000szqj,2026-05-23T13:34:13,35.4916,26.5678,10.0,4.6,mww,"33 km WNW of Fry, Greece",reviewed,0,326,us,moderado
us6000szr3,2026-05-23T15:25:37,-38.0567,179.3578,10.0,4.6,mb,"106 km ESE of Hicks Bay, New Zealand",reviewed,0,326,us,moderado
us6000szvg,2026-05-24T04:14:55,-39.5976,-74.0895,22.1,4.6,mb,"64 km WNW of Corral, Chile",reviewed,0,326,us,moderado
us7000spci,2026-05-24T08:24:15,9.1382,126.5366,9.9,4.6,mb,"34 km ENE of La Paz, Philippines",reviewed,0,326,us,moderado
us7000spcn,2026-05-24T15:17:19,13.0965,145.0207,63.8,4.6,mb,"35 km ESE of Inarajan Village, Guam",reviewed,0,326,us,moderado
us7000sntn,2026-05-24T19:15:08,-42.1536,88.5303,10.0,4.6,mb,southeast Indian Ridge,reviewed,0,326,us,moderado
us6000t059,2026-05-25T23:31:55,53.37,159.633,79.6,4.6,mb,"75 km ENE of Petropavlovsk-Kamchatsky, Russia",reviewed,0,326,us,moderado
us7000snly,2026-05-26T14:05:54,32.6454,73.2947,33.0,4.6,mb,"12 km NE of Malakwal City, Pakistan",reviewed,0,326,us,moderado
us7000snnm,2026-05-26T16:42:41,-19.9753,-69.2025,114.8,4.6,mb,"59 km E of Huara, Chile",reviewed,0,326,us,moderado
us7000snst,2026-05-27T04:17:23,-30.6441,-71.8887,26.2,4.6,mwr,"66 km W of Ovalle, Chile",reviewed,0,326,us,moderado
us7000sntj,2026-05-27T05:57:11,50.8905,178.7464,14.3,4.6,mb,"Rat Islands, Aleutian Islands, Alaska",reviewed,0,326,us,moderado
us7000snud,2026-05-27T07:38:53,41.5783,143.6801,38.5,4.6,mb,"84 km SSE of Hiroo, Japan",reviewed,0,326,us,moderado
us7000snv8,2026-05-27T11:49:28,31.3751,140.6955,65.3,4.6,mb,"Izu Islands, Japan region",reviewed,0,326,us,moderado
us7000snyb,2026-05-27T21:37:38,-58.1685,-26.017,98.8,4.6,mb,South Sandwich Islands region,reviewed,0,326,us,moderado
us7000sp6e,2026-05-28T20:59:11,-8.0054,109.0459,81.1,4.6,mb,"31 km S of Cilacap, Indonesia",reviewed,0,326,us,moderado
us7000sp8f,2026-05-29T08:15:11,41.6125,73.9414,10.0,4.6,mb,"24 km NNW of Kazarman, Kyrgyzstan",reviewed,0,326,us,moderado
us7000spar,2026-05-29T13:37:13,43.923,147.967,35.0,4.6,mb,"101 km E of Shikotan, Russia",reviewed,0,326,us,moderado
us7000spdj,2026-05-29T16:47:49,-24.9835,179.7888,499.4,4.6,mb,south of the Fiji Islands,reviewed,0,326,us,moderado
us7000sphm,2026-05-30T05:48:13,6.1379,126.802,10.0,4.6,mb,"73 km ESE of Pondaguitan, Philippines",reviewed,0,326,us,moderado
us7000spit,2026-05-30T13:15:09,6.018,126.6311,10.0,4.6,mb,"62 km SE of Pondaguitan, Philippines",reviewed,0,326,us,moderado
us7000spj5,2026-05-30T14:21:09,16.3879,119.2212,10.0,4.6,mb,"63 km W of Catuday, Philippines",reviewed,0,326,us,moderado
us7000spn5,2026-05-31T10:51:46,12.0691,-88.2835,10.0,4.6,mb,"117 km SW of Jiquilillo, Nicaragua",reviewed,0,326,us,moderado
us7000spp6,2026-05-31T15:03:32,7.5655,91.8273,10.0,4.6,mb,"Nicobar Islands, India region",reviewed,0,326,us,moderado
us7000spqe,2026-05-31T21:41:54,-19.7215,-177.7737,559.6,4.6,mb,Fiji region,reviewed,0,326,us,moderado
us7000shqp,2026-05-02T06:22:43,-21.7574,-68.7503,116.9,4.6,mb,"78 km SW of Ollagüe, Chile",reviewed,0,326,us,moderado
us7000shrs,2026-05-02T08:36:33,31.0405,138.4663,391.7,4.6,mb,"Izu Islands, Japan region",reviewed,0,326,us,moderado
us7000shti,2026-05-02T14:15:34,-4.3489,152.7918,61.5,4.6,mb,"58 km E of Kokopo, Papua New Guinea",reviewed,0,326,us,moderado
us7000shtq,2026-05-02T15:00:32,-9.7524,107.9878,10.0,4.6,mb,"250 km SSW of Cilacap, Indonesia",reviewed,0,326,us,moderado
us7000shyf,2026-05-02T19:50:46,-63.0509,146.0546,10.0,4.6,mb,south of Australia,reviewed,0,326,us,moderado
us7000shup,2026-05-02T20:29:54,-15.0835,-175.5446,10.0,4.6,mb,"210 km SSE of Mata-Utu, Wallis and Futuna",reviewed,0,326,us,moderado
us7000shwv,2026-05-03T04:40:18,-4.6701,152.8769,10.0,4.6,mb,"76 km ESE of Kokopo, Papua New Guinea",reviewed,0,326,us,moderado
us7000shze,2026-05-03T16:36:11,-18.5701,-175.6284,265.2,4.6,mb,"173 km W of Neiafu, Tonga",reviewed,0,326,us,moderado
us7000shzi,2026-05-03T16:51:55,1.0726,126.7291,53.2,4.6,mb,"79 km WNW of Ternate, Indonesia",reviewed,0,326,us,moderado
us7000si03,2026-05-03T18:39:57,41.3308,83.9777,10.0,4.6,mb,"97 km ESE of Kuqa, China",reviewed,0,326,us,moderado
us7000si08,2026-05-03T19:20:09,54.1507,-162.8952,41.3,4.6,mwr,"85 km SSE of False Pass, Alaska",reviewed,0,326,us,moderado
us7000si40,2026-05-04T09:06:20,-29.4719,-68.0272,10.0,4.6,mb,"61 km WSW of Chilecito, Argentina",reviewed,0,326,us,moderado
us7000si47,2026-05-04T10:02:29,46.7345,152.867,35.0,4.6,mb,Kuril Islands,reviewed,0,326,us,moderado
us7000si5h,2026-05-04T16:03:03,29.5951,102.0832,10.0,4.6,mb,"46 km SSE of Kangding, China",reviewed,0,326,us,moderado
us7000siaj,2026-05-05T02:01:18,47.9105,156.0723,10.0,4.6,mb,east of the Kuril Islands,reviewed,0,326,us,moderado
us6000svgp,2026-05-05T23:10:51,7.9419,126.8754,35.0,4.6,mb,"45 km NE of Kinablangan, Philippines",reviewed,0,326,us,moderado
us6000svkt,2026-05-06T08:19:31,-30.1713,-72.0717,10.0,4.6,mwr,"74 km WSW of Coquimbo, Chile",reviewed,0,326,us,moderado
us6000svma,2026-05-06T10:04:22,28.0493,56.8077,10.0,4.6,mb,"93 km ESE of Ḩājjīābād, Iran",reviewed,0,326,us,moderado
us6000svp7,2026-05-06T15:17:33,28.8263,95.9696,10.0,4.6,mb,"100 km NW of Hayuliang, India",reviewed,0,326,us,moderado
us6000sxpw,2026-05-06T16:56:25,-43.5674,91.9234,10.0,4.6,mb,southeast Indian Ridge,reviewed,0,326,us,moderado
us6000sxpy,2026-05-06T18:09:41,-11.6819,166.5311,144.0,4.6,mb,"132 km SE of Lata, Solomon Islands",reviewed,0,326,us,moderado
us6000svsx,2026-05-06T22:06:49,-2.2707,-79.1824,97.2,4.6,mb,"24 km NE of La Troncal, Ecuador",reviewed,0,326,us,moderado
us6000sxdj,2026-05-07T02:30:11,-27.5252,82.2998,10.0,4.6,mb,South Indian Ocean,reviewed,0,326,us,moderado
us6000svuv,2026-05-07T04:15:23,51.3925,159.9,10.0,4.6,mb,"199 km SSE of Vilyuchinsk, Russia",reviewed,0,326,us,moderado
us6000sxdv,2026-05-07T13:57:40,-13.775,174.9824,10.0,4.6,mb,Fiji region,reviewed,0,326,us,moderado
us6000sw5i,2026-05-08T03:53:33,10.2011,91.4667,10.0,4.6,mb,"214 km SW of Port Blair, India",reviewed,0,326,us,moderado
us6000sw9y,2026-05-08T09:32:03,-3.0223,147.9244,10.0,4.6,mb,"131 km SSE of Lorengau, Papua New Guinea",reviewed,0,326,us,moderado
us6000sw6x,2026-05-08T12:13:21,-3.0594,147.7629,10.0,4.6,mb,"125 km SSE of Lorengau, Papua New Guinea",reviewed,0,326,us,moderado
us6000swak,2026-05-08T17:10:18,39.8945,143.2563,35.0,4.6,mb,"116 km ENE of Miyako, Japan",reviewed,0,326,us,moderado
us6000sxeq,2026-05-08T17:54:47,-36.6979,176.9745,10.0,4.6,mb,"104 km ENE of Pauanui, New Zealand",reviewed,0,326,us,moderado
us6000swx6,2026-05-02T03:15:38,28.9109,142.5698,10.0,4.5,mb,"Bonin Islands, Japan region",reviewed,0,312,us,moderado
us6000swxf,2026-05-02T05:33:28,16.6987,95.4164,10.0,4.5,mb,"25 km W of Maubin, Burma (Myanmar)",reviewed,0,312,us,moderado
us6000swxr,2026-05-02T13:37:23,5.2447,-76.2871,104.4,4.5,mb,"23 km SE of Bagadó, Colombia",reviewed,0,312,us,moderado
us7000shxy,2026-05-02T16:12:19,16.6596,-48.0834,10.0,4.5,mb,North Atlantic Ocean,reviewed,0,312,us,moderado
us6000svjx,2026-05-03T00:13:54,-27.6736,-176.8638,27.9,4.5,mb,Kermadec Islands region,reviewed,0,312,us,moderado
us6000sx5m,2026-05-03T00:58:43,-5.9862,152.2224,10.0,4.5,mb,"181 km S of Kokopo, Papua New Guinea",reviewed,0,312,us,moderado
us7000shxg,2026-05-03T07:07:10,28.9796,142.554,10.0,4.5,mb,"Bonin Islands, Japan region",reviewed,0,312,us,moderado
us7000si0r,2026-05-03T20:55:00,3.6792,126.8358,51.7,4.5,mb,"244 km SE of Sarangani, Philippines",reviewed,0,312,us,moderado
us6000sxfw,2026-05-04T05:42:39,-32.7235,-178.6234,35.0,4.5,mb,south of the Kermadec Islands,reviewed,0,312,us,moderado
us7000si2w,2026-05-04T05:55:42,38.6216,73.7438,106.1,4.5,mb,"53 km NNW of Murghob, Tajikistan",reviewed,0,312,us,moderado
us7000si4v,2026-05-04T13:50:43,11.5618,-86.9192,45.8,4.5,mb,"50 km WSW of Masachapa, Nicaragua",reviewed,0,312,us,moderado
us6000sxga,2026-05-04T15:30:01,16.5031,-98.0645,35.0,4.5,mb,"4 km S of San Antonio Tepetlapa, Mexico",reviewed,0,313,us,moderado
us7000si7l,2026-05-04T17:38:27,-4.623,153.4628,80.0,4.5,mb,"136 km ESE of Kokopo, Papua New Guinea",reviewed,0,312,us,moderado
us7000si80,2026-05-04T19:14:25,51.7585,176.1302,10.0,4.5,mb,"234 km ESE of Attu Station, Alaska",reviewed,0,312,us,moderado
us7000si8q,2026-05-04T20:39:33,28.3447,54.1781,10.0,4.5,mb,"57 km SW of Dārāb, Iran",reviewed,0,312,us,moderado
us6000sxgi,2026-05-04T22:58:52,-6.5631,129.8923,153.6,4.5,mb,Banda Sea,reviewed,0,312,us,moderado
us7000si9y,2026-05-05T00:16:51,-25.9562,130.7032,10.0,4.5,mb,"84 km SSW of Yulara, Australia",reviewed,0,312,us,moderado
us7000sibh,2026-05-05T03:32:55,1.3299,126.6506,35.0,4.5,mb,"101 km NW of Ternate, Indonesia",reviewed,0,312,us,moderado
us7000sibr,2026-05-05T04:10:49,25.3328,96.5593,10.0,4.5,mb,"84 km W of Myitkyina, Burma (Myanmar)",reviewed,0,312,us,moderado
us7000side,2026-05-05T07:16:32,1.2799,126.4461,35.0,4.5,mb,"117 km WNW of Ternate, Indonesia",reviewed,0,312,us,moderado
us7000sie8,2026-05-05T09:37:39,-36.5735,177.2913,10.0,4.5,mwr,"136 km ENE of Pauanui, New Zealand",reviewed,0,312,us,moderado
us7000sier,2026-05-05T12:31:08,-36.69,177.2096,10.0,4.5,mb,"125 km ENE of Pauanui, New Zealand",reviewed,0,312,us,moderado
us7000siex,2026-05-05T13:46:52,-6.5784,130.1335,156.2,4.5,mb,Banda Sea,reviewed,0,312,us,moderado
us6000svbx,2026-05-05T15:38:02,-7.5963,129.7908,63.7,4.5,mb,"Kepulauan Babar, Indonesia",reviewed,0,312,us,moderado
us6000svh0,2026-05-06T00:08:38,-4.5476,153.6755,105.8,4.5,mb,"157 km E of Kokopo, Papua New Guinea",reviewed,0,312,us,moderado
us6000sxpc,2026-05-06T07:12:19,-23.2629,172.0771,10.0,4.5,mb,southeast of the Loyalty Islands,reviewed,0,312,us,moderado
us6000sxpu,2026-05-06T15:12:20,51.4582,159.8184,10.0,4.5,mb,"190 km SSE of Vilyuchinsk, Russia",reviewed,0,312,us,moderado
us6000svwk,2026-05-07T11:32:01,51.8366,158.6642,87.9,4.5,mb,"123 km S of Vilyuchinsk, Russia",reviewed,0,312,us,moderado
us6000swa1,2026-05-08T13:31:24,-2.9759,147.5175,10.0,4.5,mb,"107 km SSE of Lorengau, Papua New Guinea",reviewed,0,312,us,moderado
us6000sy0e,2026-05-08T13:43:54,-2.9893,147.9086,10.0,4.5,mb,"127 km SE of Lorengau, Papua New Guinea",reviewed,0,312,us,moderado
us6000syb1,2026-05-17T01:35:32,-23.6354,-67.7526,144.1,4.5,mb,"92 km SSE of San Pedro de Atacama, Chile",reviewed,0,312,us,moderado
us6000sybb,2026-05-17T03:20:37,-39.6956,178.891,10.0,4.5,mb,"132 km SSE of Wainui, New Zealand",reviewed,0,312,us,moderado
us6000sydj,2026-05-17T13:16:27,-18.5858,-175.6317,275.1,4.5,mb,"174 km W of Neiafu, Tonga",reviewed,0,312,us,moderado
us6000sydk,2026-05-17T13:28:25,-23.357,-66.6786,200.9,4.5,mb,"102 km NNW of San Antonio de los Cobres, Argentina",reviewed,0,312,us,moderado
us6000szjf,2026-05-17T23:23:57,24.6105,123.8879,10.0,4.5,mb,"40 km NW of Ishigaki, Japan",reviewed,0,312,us,moderado
us6000syfr,2026-05-17T23:38:30,-22.4843,-66.2438,255.6,4.5,mb,"62 km WNW of Abra Pampa, Argentina",reviewed,0,312,us,moderado
us6000syq4,2026-05-19T10:23:35,40.883,142.4521,70.5,4.5,mb,"91 km ENE of Hachinohe, Japan",reviewed,0,312,us,moderado
us6000sytr,2026-05-19T19:32:57,1.92,128.2466,139.1,4.5,mb,"33 km NE of Tobelo, Indonesia",reviewed,0,312,us,moderado
us6000syva,2026-05-19T23:11:56,36.3152,137.077,262.1,4.5,mb,"25 km NW of Takayama, Japan",reviewed,0,312,us,moderado
us6000syw1,2026-05-20T02:32:49,-16.0035,-176.2457,366.8,4.5,mb,"262 km W of Hihifo, Tonga",reviewed,0,312,us,moderado
us6000syvz,2026-05-20T02:34:06,-28.2623,-66.1482,10.0,4.5,mb,"6 km N of Mutquín, Argentina",reviewed,0,312,us,moderado
us6000syxi,2026-05-20T08:06:34,41.3154,83.5113,10.0,4.5,mb,"65 km SE of Kuqa, China",reviewed,0,312,us,moderado
us6000sz0k,2026-05-20T16:53:34,-19.4154,169.4819,260.0,4.5,mb,"25 km ENE of Isangel, Vanuatu",reviewed,0,312,us,moderado
us6000szg7,2026-05-22T09:20:03,8.8755,-83.3957,38.2,4.5,mb,"17 km SE of Puerto Cortés, Costa Rica",reviewed,0,312,us,moderado
us6000szgr,2026-05-22T12:46:12,52.3981,-171.8188,10.0,4.5,mb,"164 km E of Atka, Alaska",reviewed,0,312,us,moderado
us6000sznd,2026-05-22T23:39:09,17.1707,-46.5003,10.0,4.5,mb,northern Mid-Atlantic Ridge,reviewed,0,312,us,moderado
us6000szp0,2026-05-23T08:44:52,-2.6369,-77.5345,114.6,4.5,mb,"73 km ESE of Sucúa, Ecuador",reviewed,0,312,us,moderado
us6000szrb,2026-05-23T15:50:15,-19.4597,-177.7149,569.7,4.5,mb,Fiji region,reviewed,0,312,us,moderado
us6000szvr,2026-05-24T06:01:25,-6.3105,130.1581,152.1,4.5,mb,"296 km WSW of Tual, Indonesia",reviewed,0,312,us,moderado
us6000szw2,2026-05-24T06:51:34,43.1143,146.4462,66.0,4.5,mb,"74 km ESE of Nemuro, Japan",reviewed,0,312,us,moderado
us6000szwl,2026-05-24T09:45:22,51.8635,-170.4872,10.0,4.5,mb,"162 km SW of Nikolski, Alaska",reviewed,0,312,us,moderado
us6000t03v,2026-05-25T16:48:12,-0.0787,134.5828,10.0,4.5,mb,"104 km NNE of Manokwari, Indonesia",reviewed,0,312,us,moderado
us6000t04x,2026-05-25T22:11:40,-22.3868,-68.7974,123.3,4.5,mb,"15 km ENE of Calama, Chile",reviewed,0,312,us,moderado
us6000swcc,2026-05-08T21:15:06,-22.9658,178.995,572.0,4.5,mb,south of the Fiji Islands,reviewed,0,312,us,moderado
us6000swhx,2026-05-09T20:26:10,8.8156,-82.5942,10.0,4.5,mb,"4 km SSW of Cerro Punta, Panama",reviewed,0,312,us,moderado
us6000swkj,2026-05-10T03:03:39,37.3482,144.5078,10.0,4.5,mb,"295 km ESE of Onagawa Chō, Japan",reviewed,0,312,us,moderado
us6000swr0,2026-05-10T15:53:23,0.5505,126.1854,35.0,4.5,mb,"136 km WSW of Ternate, Indonesia",reviewed,0,312,us,moderado
us6000swss,2026-05-10T21:08:23,17.9018,145.7075,230.2,4.5,mb,"297 km N of Saipan, Northern Mariana Islands",reviewed,0,312,us,moderado
us6000swvu,2026-05-10T22:51:05,-25.3692,179.7053,519.1,4.5,mb,south of the Fiji Islands,reviewed,0,312,us,moderado
us6000sx2w,2026-05-12T04:08:24,52.1738,160.8367,10.0,4.5,mb,"179 km SE of Petropavlovsk-Kamchatsky, Russia",reviewed,0,312,us,moderado
us6000sz0c,2026-05-12T05:33:00,36.8731,143.843,10.0,4.5,mb,"256 km ESE of Tomioka, Japan",reviewed,0,312,us,moderado
us6000sxdu,2026-05-13T09:21:48,13.1585,-87.8136,197.7,4.5,mb,"17 km SSE of Conchagua, El Salvador",reviewed,0,312,us,moderado
us6000sxf6,2026-05-13T12:50:34,-15.448,-173.3698,10.0,4.5,mb,"72 km NE of Hihifo, Tonga",reviewed,0,312,us,moderado
us6000sz8b,2026-05-13T21:48:17,-43.3876,91.8016,10.0,4.5,mb,southeast Indian Ridge,reviewed,0,312,us,moderado
us6000sxke,2026-05-14T01:33:25,51.9997,-30.7976,10.0,4.5,mb,northern Mid-Atlantic Ridge,reviewed,0,312,us,moderado
us6000sxx5,2026-05-14T23:09:28,-40.6111,-16.6884,10.0,4.5,mb,southern Mid-Atlantic Ridge,reviewed,0,312,us,moderado
us6000sy49,2026-05-15T22:20:24,-17.8835,-178.7113,560.0,4.5,mb,"209 km E of Levuka, Fiji",reviewed,0,312,us,moderado
us6000szhi,2026-05-16T11:57:10,-41.7889,-83.7856,10.0,4.5,mb,West Chile Rise,reviewed,0,312,us,moderado
us6000szhj,2026-05-16T12:49:53,-17.8721,169.1056,10.0,4.5,mb,"85 km E of Port-Vila, Vanuatu",reviewed,0,312,us,moderado
us6000t06f,2026-05-26T06:27:45,51.6034,75.4212,10.0,4.5,mb,"15 km SSE of Ekibastuz, Kazakhstan",reviewed,0,312,us,moderado
us6000t08d,2026-05-26T14:07:51,23.7982,94.8304,112.8,4.5,mb,"46 km ENE of Mawlaik, Burma (Myanmar)",reviewed,0,312,us,moderado
us7000snpl,2026-05-26T19:49:07,4.1454,97.5369,28.2,4.5,mb,"59 km SW of Langsa, Indonesia",reviewed,0,312,us,moderado
us7000snpq,2026-05-26T20:21:01,38.8774,141.9779,62.2,4.5,mb,"31 km SE of Ōfunato, Japan",reviewed,0,312,us,moderado
us7000snrw,2026-05-27T01:23:41,-21.3812,-179.4554,614.9,4.5,mb,Fiji region,reviewed,0,312,us,moderado
us7000snvc,2026-05-27T12:23:38,-21.2807,-68.6182,120.6,4.5,mb,"38 km W of Ollagüe, Chile",reviewed,0,312,us,moderado
us7000snwp,2026-05-27T17:10:24,10.5853,-86.1904,33.9,4.5,mb,"49 km NW of Tamarindo, Costa Rica",reviewed,0,312,us,moderado
us7000sp8m,2026-05-29T08:54:14,0.6186,100.052,170.4,4.5,mb,"108 km NNW of Bukittinggi, Indonesia",reviewed,0,312,us,moderado
us7000sp8n,2026-05-29T09:08:47,-8.1696,-73.9355,197.3,4.5,mb,"70 km ENE of San Fernando, Peru",reviewed,0,312,us,moderado
us7000spft,2026-05-29T22:56:30,-41.7609,174.4175,16.9,4.5,mb,"46 km ESE of Witherlea, New Zealand",reviewed,0,312,us,moderado
us7000spha,2026-05-30T05:48:47,-21.5931,-69.9976,48.5,4.5,mb,"58 km NNE of Tocopilla, Chile",reviewed,0,312,us,moderado
us7000spjc,2026-05-30T14:34:14,43.0767,143.7857,116.7,4.5,mb,"26 km SE of Ashoro, Japan",reviewed,0,312,us,moderado
us7000spmd,2026-05-31T05:50:06,-31.0098,-65.6553,181.9,4.5,mb,"48 km S of Castro Barros, Argentina",reviewed,0,312,us,moderado
us7000spnj,2026-05-31T12:37:12,-21.3934,-66.6399,226.1,4.5,mb,"66 km SW of Atocha, Bolivia",reviewed,0,312,us,moderado
us7000spp3,2026-05-31T14:26:39,27.4636,139.8402,508.5,4.5,mb,"Bonin Islands, Japan region",reviewed,0,312,us,moderado
us7000spqf,2026-05-31T21:36:42,14.9181,54.7953,10.0,4.5,mb,"243 km SSE of Şalālah, Oman",reviewed,0,312,us,moderado
ci41460512,2026-05-10T03:39:29,32.9778,-115.5498,15.9,4.5,mw,"2 km W of Brawley, CA",reviewed,0,400,ci,moderado
nn00917635,2026-05-05T02:39:52,38.4568,-116.5006,10.0,4.5,mwr,"77 km NE of Tonopah, Nevada",reviewed,0,311,nn,moderado
nc75358752,2026-05-07T09:42:43,38.7913,-122.7772,3.7,4.4,mw,"2 km NW of The Geysers, CA",reviewed,0,549,nc,moderado
us7000shnf,2026-05-02T01:14:53,41.3488,83.9841,10.0,4.4,mb,"96 km ESE of Kuqa, China",reviewed,0,298,us,moderado
us6000swx5,2026-05-02T02:25:12,13.8186,144.8387,142.7,4.4,mb,"31 km N of Yigo Village, Guam",reviewed,0,298,us,moderado
us6000swxa,2026-05-02T03:45:47,28.1215,105.1044,10.0,4.4,mb,"21 km SSE of Bowangshan, China",reviewed,0,298,us,moderado
us7000shpb,2026-05-02T03:57:00,-24.358,-67.2256,173.5,4.4,mb,"93 km W of San Antonio de los Cobres, Argentina",reviewed,0,298,us,moderado
us6000swxg,2026-05-02T05:48:47,-19.1475,-177.5726,577.5,4.4,mb,Fiji region,reviewed,0,298,us,moderado
us7000shst,2026-05-02T11:34:13,41.4467,83.9985,10.0,4.4,mb,"93 km ESE of Kuqa, China",reviewed,0,298,us,moderado
us7000shtg,2026-05-02T14:26:07,18.9853,121.0265,20.1,4.4,mb,"42 km N of Claveria, Philippines",reviewed,0,298,us,moderado
us6000swxt,2026-05-02T16:46:07,10.9086,126.5974,10.0,4.4,mb,"84 km E of Sulangan, Philippines",reviewed,0,298,us,moderado
us7000shxa,2026-05-03T06:38:11,-31.6865,-72.0969,11.8,4.4,mb,"88 km W of Illapel, Chile",reviewed,0,298,us,moderado
us7000shyi,2026-05-03T12:09:47,-16.8067,-174.4117,131.2,4.4,mb,"114 km SW of Hihifo, Tonga",reviewed,0,298,us,moderado
us6000sx5y,2026-05-03T12:21:48,5.6048,126.9594,10.0,4.4,mb,"120 km SE of Pondaguitan, Philippines",reviewed,0,298,us,moderado
us7000si3h,2026-05-04T06:59:22,24.6926,121.8648,10.0,4.4,mb,"13 km ESE of Yilan, Taiwan",reviewed,0,298,us,moderado
us6000sxg0,2026-05-04T07:37:09,42.8009,142.6282,99.1,4.4,mb,"28 km SE of Shimukappu, Japan",reviewed,0,298,us,moderado
us6000sxgg,2026-05-04T22:06:51,-2.0681,138.9247,35.0,4.4,mb,"198 km WNW of Abepura, Indonesia",reviewed,0,298,us,moderado
us7000si9v,2026-05-05T00:08:11,-21.7064,-67.1036,248.1,4.4,mb,"125 km SW of Atocha, Bolivia",reviewed,0,298,us,moderado
us7000sibq,2026-05-05T04:08:40,-23.0278,-179.9018,559.3,4.4,mb,south of the Fiji Islands,reviewed,0,298,us,moderado
us7000sic3,2026-05-05T04:57:57,-10.3839,119.1739,35.0,4.4,mb,"105 km S of Tambolaka, Indonesia",reviewed,0,298,us,moderado
us7000sics,2026-05-05T06:42:12,-36.7802,177.2581,10.0,4.4,mb,"126 km ENE of Pauanui, New Zealand",reviewed,0,298,us,moderado
us6000sxh4,2026-05-05T06:58:53,24.5382,123.6399,40.4,4.4,mb,"56 km WNW of Ishigaki, Japan",reviewed,0,298,us,moderado
us6000sxh6,2026-05-05T07:10:07,-24.0296,179.9727,527.6,4.4,mb,south of the Fiji Islands,reviewed,0,298,us,moderado
us7000sidc,2026-05-05T07:21:13,34.8854,25.946,10.0,4.4,mb,"23 km SE of Ierápetra, Greece",reviewed,0,298,us,moderado
us6000sxhb,2026-05-05T08:31:14,-6.8678,125.0104,532.9,4.4,mb,"193 km N of Likisá, Timor Leste",reviewed,0,298,us,moderado
us6000sxhh,2026-05-05T09:13:59,1.2452,125.8365,35.0,4.4,mb,"81 km ESE of Bitung, Indonesia",reviewed,0,298,us,moderado
us6000sve0,2026-05-05T18:23:39,35.8277,69.4605,10.0,4.4,mb,"39 km SE of Nahrīn, Afghanistan",reviewed,0,298,us,moderado
us6000svg2,2026-05-05T22:02:01,60.3021,59.7881,10.0,4.4,mb,"12 km WSW of Cherëmukhovo, Russia",reviewed,0,298,us,moderado
us6000sxp4,2026-05-06T01:12:37,-16.7902,167.7527,32.9,4.4,mb,"84 km SSE of Lakatoro, Vanuatu",reviewed,0,298,us,moderado
us6000sxp8,2026-05-06T03:20:59,-54.2044,-134.0364,10.0,4.4,mb,Pacific-Antarctic Ridge,reviewed,0,298,us,moderado
us6000svia,2026-05-06T04:41:44,-33.6701,179.5039,159.5,4.4,mb,south of the Kermadec Islands,reviewed,0,298,us,moderado
us6000svjf,2026-05-06T06:10:27,15.3587,-91.8833,176.1,4.4,mb,"8 km SE of Cuilco, Guatemala",reviewed,0,298,us,moderado
us6000svl1,2026-05-06T09:09:03,-36.7768,177.9705,145.9,4.4,mb,"95 km NNW of Hicks Bay, New Zealand",reviewed,0,298,us,moderado
us6000svm7,2026-05-06T10:06:29,35.5388,139.417,119.6,4.4,mwr,"3 km W of Machida, Japan",reviewed,0,304,us,moderado
us6000svmi,2026-05-06T10:42:41,14.8548,-87.2209,10.0,4.4,mb,"6 km ENE of San José del Potrero, Honduras",reviewed,0,300,us,moderado
us6000sxpl,2026-05-06T12:15:06,-20.3184,-177.7049,478.0,4.4,mb,"267 km WNW of Houma, Tonga",reviewed,0,298,us,moderado
us6000svp1,2026-05-06T14:56:41,2.5039,127.6047,91.5,4.4,mb,"96 km NNW of Tobelo, Indonesia",reviewed,0,298,us,moderado
us6000svrf,2026-05-06T19:10:08,15.4746,-95.4858,10.0,4.4,mb,"59 km SE of El Coyul, Mexico",reviewed,0,298,us,moderado
us6000svu2,2026-05-07T01:06:57,-18.7692,-175.3947,218.9,4.4,mb,"149 km W of Neiafu, Tonga",reviewed,0,298,us,moderado
us6000sxdq,2026-05-07T05:57:03,-32.4614,-178.4192,31.3,4.4,mb,south of the Kermadec Islands,reviewed,0,298,us,moderado
us6000sw0d,2026-05-07T18:50:02,36.3491,140.0689,78.9,4.4,mwr,"2 km W of Iwase, Japan",reviewed,0,304,us,moderado
us6000sw41,2026-05-08T03:22:53,49.9047,155.9402,61.1,4.4,mb,"86 km S of Severo-Kuril’sk, Russia",reviewed,0,298,us,moderado
us6000sw45,2026-05-08T03:36:10,34.9763,138.0748,27.9,4.4,mb,"17 km NNW of Kanaya, Japan",reviewed,0,298,us,moderado
us6000sw49,2026-05-08T03:47:23,38.3798,44.9692,10.0,4.4,mb,"18 km S of Khowy, Iran",reviewed,0,298,us,moderado
us6000sy09,2026-05-08T13:48:11,-3.0807,147.8968,10.0,4.4,mb,"135 km SSE of Lorengau, Papua New Guinea",reviewed,0,298,us,moderado
us6000sy0d,2026-05-08T13:51:25,-2.9775,148.0542,10.0,4.4,mb,"135 km SE of Lorengau, Papua New Guinea",reviewed,0,298,us,moderado
us6000sy0v,2026-05-08T17:12:02,40.1434,142.8968,35.0,4.4,mb,"92 km E of Noda, Japan",reviewed,0,298,us,moderado
us6000swan,2026-05-08T17:44:04,17.0415,-94.7423,80.7,4.4,mb,"16 km NNW of Santa María Chimalapa, Mexico",reviewed,0,298,us,moderado
us6000swaq,2026-05-08T17:50:13,-4.6359,-77.8258,31.4,4.4,mb,"122 km N of Yambrasbamba, Peru",reviewed,0,298,us,moderado
us6000swce,2026-05-08T21:19:34,-22.7233,-70.4465,38.7,4.4,mwr,"41 km N of Mejillones, Chile",reviewed,0,298,us,moderado
us6000swe6,2026-05-09T01:26:57,24.3166,125.1825,35.0,4.4,mb,"54 km SSW of Miyakojima, Japan",reviewed,0,298,us,moderado
us6000syj8,2026-05-09T06:53:10,-43.2028,91.5525,10.0,4.4,mb,southeast Indian Ridge,reviewed,0,298,us,moderado
us6000swg5,2026-05-09T09:10:05,26.0613,89.8969,10.0,4.4,mb,"6 km WSW of Gauripur, India",reviewed,0,298,us,moderado
us6000syjj,2026-05-09T12:43:08,-21.9573,169.6006,10.0,4.4,mb,"183 km ESE of Tadine, New Caledonia",reviewed,0,298,us,moderado
us6000swhi,2026-05-09T17:10:51,14.0875,57.2847,10.0,4.4,mb,Owen Fracture Zone region,reviewed,0,298,us,moderado
us6000syjm,2026-05-09T17:35:07,0.5711,126.3385,45.5,4.4,mb,"118 km WSW of Ternate, Indonesia",reviewed,0,298,us,moderado
us6000syjr,2026-05-09T20:11:25,-16.8986,-172.5951,10.0,4.4,mb,"165 km SE of Hihifo, Tonga",reviewed,0,298,us,moderado
us6000sxf1,2026-05-10T14:57:42,7.4558,-36.1161,10.0,4.4,mb,central Mid-Atlantic Ridge,reviewed,0,298,us,moderado
us6000swyj,2026-05-11T17:14:43,-31.7023,-70.4867,3.1,4.4,mwr,"46 km E of Salamanca, Chile",reviewed,0,298,us,moderado
us6000syzz,2026-05-11T21:59:30,-5.3577,145.8157,98.3,4.4,mb,"15 km SSE of Madang, Papua New Guinea",reviewed,0,298,us,moderado
us6000sx1u,2026-05-11T23:16:35,-25.6171,-71.3766,10.0,4.4,mb,"92 km WSW of Taltal, Chile",reviewed,0,298,us,moderado
us6000sz08,2026-05-12T00:24:47,24.4203,141.6693,10.0,4.4,mb,"Volcano Islands, Japan region",reviewed,0,298,us,moderado
us6000sz0g,2026-05-12T06:29:11,51.895,160.2352,10.0,4.4,mb,"169 km SE of Vilyuchinsk, Russia",reviewed,0,298,us,moderado
us6000sx4c,2026-05-12T10:40:05,-23.1277,-68.7122,126.0,4.4,mb,"57 km WSW of San Pedro de Atacama, Chile",reviewed,0,298,us,moderado
us6000sz12,2026-05-12T22:33:33,0.2679,126.3006,35.0,4.4,mb,"133 km WSW of Ternate, Indonesia",reviewed,0,298,us,moderado
us6000sxw5,2026-05-12T23:56:47,-55.595,-124.2617,10.0,4.4,mb,southern East Pacific Rise,reviewed,0,298,us,moderado
us6000sxbe,2026-05-13T00:30:51,-23.6318,179.9236,538.7,4.4,mb,south of the Fiji Islands,reviewed,0,298,us,moderado
us6000sz7j,2026-05-13T02:02:55,-32.3413,-178.385,10.0,4.4,mb,south of the Kermadec Islands,reviewed,0,298,us,moderado
us6000sxc7,2026-05-13T03:45:21,11.685,-86.6954,77.8,4.4,mb,"22 km WSW of Masachapa, Nicaragua",reviewed,0,300,us,moderado
us6000sxj5,2026-05-13T20:01:36,39.9322,141.2848,10.0,4.4,mww,"13 km ENE of Hachimantai, Japan",reviewed,0,298,us,moderado
us6000sxjk,2026-05-13T20:37:19,41.2905,84.0645,10.0,4.4,mb,"105 km ESE of Kuqa, China",reviewed,0,298,us,moderado
us6000sxvm,2026-05-13T20:48:01,79.1495,2.1053,10.0,4.4,mb,Greenland Sea,reviewed,0,298,us,moderado
us6000sz8c,2026-05-13T22:59:23,-17.2825,-174.6191,168.4,4.4,mb,"165 km NNW of Neiafu, Tonga",reviewed,0,298,us,moderado
us6000sxne,2026-05-14T03:36:57,9.5876,-84.5871,10.0,4.4,mb,"5 km ESE of Jacó, Costa Rica",reviewed,0,299,us,moderado
us6000sxlp,2026-05-14T05:06:03,0.9985,-85.4514,10.0,4.4,mb,off the coast of Ecuador,reviewed,0,298,us,moderado
us6000sz9m,2026-05-14T18:11:48,-24.0987,-179.9268,522.5,4.4,mb,south of the Fiji Islands,reviewed,0,298,us,moderado
us6000sz9v,2026-05-14T22:33:51,39.8749,143.3295,24.4,4.4,mb,"121 km ENE of Miyako, Japan",reviewed,0,298,us,moderado
us6000sxu3,2026-05-14T23:51:39,-4.0559,152.442,157.9,4.4,mb,"34 km ENE of Rabaul, Papua New Guinea",reviewed,0,298,us,moderado
us6000szah,2026-05-15T00:42:53,18.3239,146.6483,54.3,4.4,mb,"Pagan region, Northern Mariana Islands",reviewed,0,298,us,moderado
us6000sy4k,2026-05-15T23:21:36,10.5399,-72.4762,10.0,4.4,mb,"29 km NW of La Villa del Rosario, Venezuela",reviewed,0,298,us,moderado
us6000sy5t,2026-05-16T06:34:13,-41.764,174.2287,20.6,4.4,mb,"34 km SE of Witherlea, New Zealand",reviewed,0,298,us,moderado
us6000sy7x,2026-05-16T14:12:25,39.9428,77.9256,10.0,4.4,mb,"97 km W of Tumxuk, China",reviewed,0,298,us,moderado
